group,chapter,label,sheet
state,Johor 2025 Set 1,Paper 1,2025/Johor Set 1/Johor Set 1.csv
state,Johor 2025 Set 1 F4,Paper 1,2025/Johor Set 1/Johor Set 1 F4.csv
state,Johor 2025 Set 1 F5,Paper 1,2025/Johor Set 1/Johor Set 1 F5.csv
state,Johor 2025 Set 2,Paper 1,2025/Johor Set 2/Johor Set 2.csv
state,Johor 2025 Set 2 F4,Paper 1,2025/Johor Set 2/Johor Set 2 F4.csv
state,Johor 2025 Set 2 F5,Paper 1,2025/Johor Set 2/Johor Set 2 F5.csv
state,Kedah 2025,Paper 1,2025/Kedah/Kedah.csv
state,Kedah 2025 F4,Paper 1,2025/Kedah/Kedah F4.csv
state,Kedah 2025 F5,Paper 1,2025/Kedah/Kedah F5.csv
state,Kelantan 2025,Paper 1,2025/Kelantan/Kelantan.csv
state,Kelantan 2025 F4,Paper 1,2025/Kelantan/Kelantan F4.csv
state,Kelantan 2025 F5,Paper 1,2025/Kelantan/Kelantan F5.csv
state,Kelantan YIK 2025,Paper 1,2025/Kelantan YIK/Kelantan YIK.csv
state,Kelantan YIK 2025 F4,Paper 1,2025/Kelantan YIK/Kelantan YIK F4.csv
state,Kelantan YIK 2025 F5,Paper 1,2025/Kelantan YIK/Kelantan YIK F5.csv
state,Negeri Sembilan 2025,Paper 1,2025/Negeri Sembilan/Negeri Sembilan.csv
state,Negeri Sembilan 2025 F4,Paper 1,2025/Negeri Sembilan/Negeri Sembilan F4.csv
state,Negeri Sembilan 2025 F5,Paper 1,2025/Negeri Sembilan/Negeri Sembilan F5.csv
state,Pahang 2025,Paper 1,2025/Pahang/Pahang.csv
state,Pahang 2025 F4,Paper 1,2025/Pahang/Pahang F4.csv
state,Pahang 2025 F5,Paper 1,2025/Pahang/Pahang F5.csv
state,Perak 2025,Paper 1,2025/Perak/Perak.csv
state,Perak 2025 F4,Paper 1,2025/Perak/Perak F4.csv
state,Perak 2025 F5,Paper 1,2025/Perak/Perak F5.csv
state,Perlis 2025,Paper 1,2025/Perlis/Perlis.csv
state,Perlis 2025 F4,Paper 1,2025/Perlis/Perlis F4.csv
state,Perlis 2025 F5,Paper 1,2025/Perlis/Perlis F5.csv
state,Selangor 2025,Paper 1,2025/Selangor/Selangor.csv
state,Selangor 2025 F4,Paper 1,2025/Selangor/Selangor F4.csv
state,Selangor 2025 F5,Paper 1,2025/Selangor/Selangor F5.csv
state,Terengganu 2025,Paper 1,2025/Terengganu/Terengganu.csv
state,Terengganu 2025 F4,Paper 1,2025/Terengganu/Terengganu F4.csv
state,Terengganu 2025 F5,Paper 1,2025/Terengganu/Terengganu F5.csv
chapter,F4 Bab 1 2025,2025 Paper 1 分类,2025/2025 F4 Chp 1.csv
chapter,F4 Bab 2 2025,2025 Paper 1 分类,2025/2025 F4 Chp 2.csv
chapter,F4 Bab 3 2025,2025 Paper 1 分类,2025/2025 F4 Chp 3.csv
chapter,F4 Bab 4 2025,2025 Paper 1 分类,2025/2025 F4 Chp 4.csv
chapter,F4 Bab 5 2025,2025 Paper 1 分类,2025/2025 F4 Chp 5.csv
chapter,F4 Bab 6 2025,2025 Paper 1 分类,2025/2025 F4 Chp 6.csv
chapter,F4 Bab 7 2025,2025 Paper 1 分类,2025/2025 F4 Chp 7.csv
chapter,F4 Bab 8 2025,2025 Paper 1 分类,2025/2025 F4 Chp 8.csv
chapter,F4 Bab 9 2025,2025 Paper 1 分类,2025/2025 F4 Chp 9.csv
chapter,F5 Bab 1 2025,2025 Paper 1 分类,2025/2025 F5 Chp 1.csv
chapter,F5 Bab 2 2025,2025 Paper 1 分类,2025/2025 F5 Chp 2.csv
chapter,F5 Bab 3 2025,2025 Paper 1 分类,2025/2025 F5 Chp 3.csv
chapter,F5 Bab 4 2025,2025 Paper 1 分类,2025/2025 F5 Chp 4.csv
chapter,F5 Bab 5 2025,2025 Paper 1 分类,2025/2025 F5 Chp 5.csv
chapter,F5 Bab 6 2025,2025 Paper 1 分类,2025/2025 F5 Chp 6.csv
chapter,F5 Bab 7 2025,2025 Paper 1 分类,2025/2025 F5 Chp 7.csv
